{
    "$schema": "https://schema.management.azure.com/schemas/2015-01-01/deploymentParameters.json#",
    "contentVersion": "1.0.0.0",
    "parameters": {
        "location": {
            "value": "eastus2"
        },
        "networkInterfaceName": {
            "value": "azbvdemob1697"
        },
        "networkSecurityGroupName": {
            "value": "azbvdemob1-nsg"
        },
        "networkSecurityGroupRules": {
            "value": [
                {
                    "name": "SSH",
                    "properties": {
                        "priority": 300,
                        "protocol": "TCP",
                        "access": "Allow",
                        "direction": "Inbound",
                        "sourceAddressPrefix": "*",
                        "sourcePortRange": "*",
                        "destinationAddressPrefix": "*",
                        "destinationPortRange": "22"
                    }
                }
            ]
        },
        "subnetName": {
            "value": "default"
        },
        "virtualNetworkId": {
            "value": "/subscriptions/c198791f-9266-446c-b1c0-02093a331f60/resourceGroups/bvnewrg/providers/Microsoft.Network/virtualNetworks/azbvdemo1-vnet"
        },
        "virtualMachineName": {
            "value": "azbvdemob1"
        },
        "virtualMachineComputerName": {
            "value": "azbvdemob1"
        },
        "virtualMachineRG": {
            "value": "bvnewrg"
        },
        "osDiskType": {
            "value": "Premium_LRS"
        },
        "osDiskDeleteOption": {
            "value": "Delete"
        },
        "virtualMachineSize": {
            "value": "Standard_B2ms"
        },
        "nicDeleteOption": {
            "value": "Detach"
        },
        "adminUsername": {
            "value": "azureuser"
        },
        "securityType": {
            "value": "TrustedLaunch"
        },
        "secureBoot": {
            "value": true
        },
        "vTPM": {
            "value": true
        },
        "availabilitySetName": {
            "value": "availset_vm_app"
        },
        "availabilitySetPlatformFaultDomainCount": {
            "value": 2
        },
        "availabilitySetPlatformUpdateDomainCount": {
            "value": 5
        },
        "autoShutdownStatus": {
            "value": "Enabled"
        },
        "autoShutdownTime": {
            "value": "19:00"
        },
        "autoShutdownTimeZone": {
            "value": "UTC"
        },
        "autoShutdownNotificationStatus": {
            "value": "Enabled"
        },
        "autoShutdownNotificationLocale": {
            "value": "en"
        },
        "autoShutdownNotificationEmail": {
            "value": "sunradh.techmails@gmail.com"
        }
    }
}