{
    "$schema": "http://schema.management.azure.com/schemas/2015-01-01/deploymentTemplate.json#",
    "contentVersion": "1.0.0.0",
    "parameters": {
        "name": {
            "type": "string"
        },
        "location": {
            "type": "string"
        },
        "sku": {
            "type": "string"
        },
        "tier": {
            "type": "string"
        }
    },
    "resources": [
        {
            "apiVersion": "2021-05-01",
            "name": "[parameters('name')]",
            "type": "Microsoft.Network/loadBalancers",
            "location": "[parameters('location')]",
            "dependsOn": [
                "Microsoft.Network/publicIPAddresses/newpublicIP"
            ],
            "tags": {},
            "properties": {
                "frontendIPConfigurations": [
                    {
                        "name": "newpublicip",
                        "properties": {
                            "publicIPAddress": {
                                "id": "/subscriptions/c198791f-9266-446c-b1c0-02093a331f60/resourceGroups/bvnewrg/providers/Microsoft.Network/publicIPAddresses/newpublicIP"
                            }
                        }
                    }
                ],
                "backendAddressPools": [],
                "probes": [],
                "loadBalancingRules": [],
                "inboundNatRules": [],
                "outboundRules": []
            },
            "sku": {
                "name": "[parameters('sku')]",
                "tier": "[parameters('tier')]"
            }
        },
        {
            "apiVersion": "2022-05-01",
            "type": "Microsoft.Network/publicIpAddresses",
            "name": "newpublicIP",
            "location": "[parameters('location')]",
            "dependsOn": [],
            "properties": {
                "publicIPAddressVersion": "IPv4",
                "publicIPAllocationMethod": "Dynamic",
                "idleTimeoutInMinutes": 4
            },
            "sku": {
                "name": "[parameters('sku')]",
                "tier": "[parameters('tier')]"
            }
        }
    ]
}