{
    "$schema": "https://schema.management.azure.com/schemas/2015-01-01/deploymentParameters.json#",
    "contentVersion": "1.0.0.0",
    "parameters": {
        "collation": {
            "value": "SQL_Latin1_General_CP1_CI_AS"
        },
        "databaseName": {
            "value": "azbvsqldb1"
        },
        "tier": {
            "value": "Basic"
        },
        "skuName": {
            "value": "Basic"
        },
        "location": {
            "value": "eastus"
        },
        "maxSizeBytes": {
            "value": 2147483648
        },
        "sampleName": {
            "value": ""
        },
        "serverName": {
            "value": "sqlbv"
        },
        "licenseType": {
            "value": ""
        },
        "readScaleOut": {
            "value": "Disabled"
        },
        "zoneRedundant": {
            "value": false
        },
        "autoPauseDelay": {
            "value": 0
        },
        "numberOfReplicas": {
            "value": 0
        },
        "enableADS": {
            "value": false
        },
        "allowAzureIps": {
            "value": false
        },
        "allowClientIp": {
            "value": false
        },
        "clientIpValue": {
            "value": "49.205.149.119"
        },
        "databaseTags": {
            "value": {}
        },
        "serverTags": {
            "value": {}
        },
        "enableVA": {
            "value": false
        },
        "vaStoragelessEnabled": {
            "value": false
        },
        "enableSqlLedger": {
            "value": false
        },
        "enableDigestStorage": {
            "value": "Disabled"
        },
        "digestStorageOption": {
            "value": ""
        },
        "digestStorageName": {
            "value": ""
        },
        "blobStorageContainerName": {
            "value": ""
        },
        "retentionDays": {
            "value": ""
        },
        "retentionPolicy": {
            "value": false
        },
        "digestAccountResourceGroup": {
            "value": ""
        },
        "isNewDigestLocation": {
            "value": false
        },
        "digestRegion": {
            "value": ""
        },
        "storageAccountdigestRegion": {
            "value": ""
        },
        "isPermissionAssigned": {
            "value": false
        },
        "sqlLedgerTemplateLink": {
            "value": "https://sqlazureextension.hosting.portal.azure.net/sqlazureextension/Content/2.1.0227172/DeploymentTemplates/SqlLedger.json"
        },
        "useVAManagedIdentity": {
            "value": false
        },
        "enablePrivateEndpoint": {
            "value": false
        },
        "privateEndpointNestedTemplateId": {
            "value": "pe-52de2ea4-faba-4fa7-a9a5-1915f1144026"
        },
        "privateEndpointSubscriptionId": {
            "value": ""
        },
        "privateEndpointResourceGroup": {
            "value": ""
        },
        "privateEndpointName": {
            "value": ""
        },
        "privateEndpointLocation": {
            "value": ""
        },
        "privateEndpointSubnetId": {
            "value": ""
        },
        "privateLinkServiceName": {
            "value": ""
        },
        "privateLinkServiceServiceId": {
            "value": ""
        },
        "privateEndpointVnetSubscriptionId": {
            "value": ""
        },
        "privateEndpointVnetResourceGroup": {
            "value": ""
        },
        "privateEndpointVnetName": {
            "value": ""
        },
        "privateEndpointSubnetName": {
            "value": ""
        },
        "enablePrivateDnsZone": {
            "value": true
        },
        "privateLinkPrivateDnsZoneFQDN": {
            "value": "privatelink.database.windows.net"
        },
        "privateLinkPrivateDnsZoneRG": {
            "value": ""
        },
        "privateEndpointDnsRecordUniqueId": {
            "value": "52de2ea4-faba-4fa7-a9a5-1915f1144029"
        },
        "privateEndpointTemplateLink": {
            "value": "https://sqlazureextension.hosting.portal.azure.net/sqlazureextension/Content/2.1.0227172/DeploymentTemplates/PrivateEndpoint.json"
        },
        "privateDnsForPrivateEndpointTemplateLink": {
            "value": "https://sqlazureextension.hosting.portal.azure.net/sqlazureextension/Content/2.1.0227172/DeploymentTemplates/PrivateDnsForPrivateEndpoint.json"
        },
        "privateDnsForPrivateEndpointNicTemplateLink": {
            "value": "https://sqlazureextension.hosting.portal.azure.net/sqlazureextension/Content/2.1.0227172/DeploymentTemplates/PrivateDnsForPrivateEndpointNic.json"
        },
        "privateDnsForPrivateEndpointIpConfigTemplateLink": {
            "value": "https://sqlazureextension.hosting.portal.azure.net/sqlazureextension/Content/2.1.0227172/DeploymentTemplates/PrivateDnsForPrivateEndpointIpConfig.json"
        },
        "clientIpRuleName": {
            "value": "ClientIp-2023-4-9_12-8-46"
        },
        "minimalTlsVersion": {
            "value": "1.1"
        },
        "publicNetworkAccess": {
            "value": "Disabled"
        },
        "connectionType": {
            "value": "Default"
        },
        "requestedBackupStorageRedundancy": {
            "value": "Geo"
        },
        "maintenanceConfigurationId": {
            "value": "/subscriptions/c198791f-9266-446c-b1c0-02093a331f60/providers/Microsoft.Maintenance/publicMaintenanceConfigurations/SQL_Default"
        },
        "administratorLogin": {
            "value": "admin123"
        },
        "administratorLoginPassword": {
            "value": null
        },
        "identity": {
            "value": {
                "type": "None"
            }
        },
        "primaryUserAssignedIdentityId": {
            "value": ""
        },
        "federatedClientId": {
            "value": ""
        },
        "servicePrincipal": {
            "value": {
                "type": "None"
            }
        }
    }
}